Instancia,Mejor,Presa inicial,Delta,Factibilidad,Tiempo de ejecución,Memoria utilizada (MB),Valores de las presas
Fácil,22397,-30206,52603,True,7.633346080780029,14.805586814880371,"[np.int64(-104720), np.int64(-82131), np.int64(-101293), np.int64(-80668), np.int64(-106894), np.int64(-67087), np.int64(-86111), np.int64(-109951), np.int64(-73700), np.int64(-81987), np.int64(-64736), np.int64(-68876), np.int64(-149035), np.int64(-92700), np.int64(-98314), np.int64(-42845), np.int64(-64768), np.int64(-100803), np.int64(-118838), np.int64(-112300), np.int64(-57741), np.int64(-92122), np.int64(-114144), np.int64(-114630), np.int64(-49527), np.int64(-62702), np.int64(-88600), np.int64(-61450), np.int64(-111930), np.int64(-86597), np.int64(-79275), np.int64(-94575), np.int64(-125072), np.int64(-95307), np.int64(-72654), np.int64(-104413), np.int64(-139787), np.int64(-79735), np.int64(-74141), np.int64(-70142), np.int64(-70180), np.int64(-89030), np.int64(-73081), np.int64(-70296), np.int64(-84378), np.int64(-30206), np.int64(-82734), np.int64(-98331), np.int64(-62734), np.int64(-95989), np.int64(-132729), np.int64(-73952), np.int64(-120012), np.int64(-96108), np.int64(-103561), np.int64(-92021), np.int64(-92824), np.int64(-94855), np.int64(-137344), np.int64(-103536), np.int64(-86741), np.int64(-84769), np.int64(-110079), np.int64(-93519), np.int64(-101149), np.int64(-100046), np.int64(-82978), np.int64(-85639), np.int64(-72021), np.int64(-97915), np.int64(-93263), np.int64(-87255), np.int64(-72173), np.int64(-74111), np.int64(-47382), np.int64(-106189), np.int64(-81785), np.int64(-68467), np.int64(-128075), np.int64(-106986), np.int64(-120555), np.int64(-61046), np.int64(-52508), np.int64(-87711), np.int64(-73459), np.int64(-95209), np.int64(-107494), np.int64(-72826), np.int64(-109480), np.int64(-90285), np.int64(-40548), np.int64(-98717), np.int64(-73491), np.int64(-97811), np.int64(-124292), np.int64(-74471), np.int64(-116742), np.int64(-107700), np.int64(-112226), np.int64(-51781)]"
Fácil,22961,-27073,50034,False,6.838226795196533,0.09495067596435547,"[np.int64(-83791), np.int64(-62483), np.int64(-99474), np.int64(-92286), np.int64(-114771), np.int64(-83559), np.int64(-125442), np.int64(-53204), np.int64(-106128), np.int64(-56033), np.int64(-77407), np.int64(-84284), np.int64(-81435), np.int64(-61879), np.int64(-99418), np.int64(-103649), np.int64(-124327), np.int64(-87473), np.int64(-27073), np.int64(-49945), np.int64(-70289), np.int64(-62786), np.int64(-91406), np.int64(-54993), np.int64(-111417), np.int64(-120019), np.int64(-103819), np.int64(-108348), np.int64(-87160), np.int64(-58336), np.int64(-82286), np.int64(-118053), np.int64(-134596), np.int64(-122446), np.int64(-84964), np.int64(-111626), np.int64(-121375), np.int64(-70121), np.int64(-129913), np.int64(-66376), np.int64(-105234), np.int64(-103895), np.int64(-100128), np.int64(-97375), np.int64(-93833), np.int64(-122033), np.int64(-66899), np.int64(-85394), np.int64(-86882), np.int64(-117771), np.int64(-93355), np.int64(-101042), np.int64(-91339), np.int64(-59500), np.int64(-86963), np.int64(-65568), np.int64(-85701), np.int64(-41126), np.int64(-48406), np.int64(-116947), np.int64(-89743), np.int64(-64300), np.int64(-66011), np.int64(-130805), np.int64(-73822), np.int64(-62570), np.int64(-81287), np.int64(-111786), np.int64(-48805), np.int64(-81505), np.int64(-83252), np.int64(-56996), np.int64(-89500), np.int64(-101914), np.int64(-85248), np.int64(-107407), np.int64(-72151), np.int64(-82707), np.int64(-104065), np.int64(-105776), np.int64(-112227), np.int64(-71975), np.int64(-108609), np.int64(-55742), np.int64(-75732), np.int64(-65549), np.int64(-51697), np.int64(-71067), np.int64(-89950), np.int64(-115476), np.int64(-101905), np.int64(-79482), np.int64(-115078), np.int64(-81130), np.int64(-70922), np.int64(-101766), np.int64(-79077), np.int64(-82737), np.int64(-85174), np.int64(-33967)]"
Fácil,22462,-27281,49743,False,6.789915561676025,0.09533023834228516,"[np.int64(-103250), np.int64(-85714), np.int64(-97930), np.int64(-80746), np.int64(-87612), np.int64(-61263), np.int64(-78572), np.int64(-146633), np.int64(-92767), np.int64(-98861), np.int64(-60654), np.int64(-27281), np.int64(-108425), np.int64(-54656), np.int64(-60427), np.int64(-78712), np.int64(-92664), np.int64(-98919), np.int64(-149318), np.int64(-107913), np.int64(-105648), np.int64(-83001), np.int64(-64691), np.int64(-80203), np.int64(-101176), np.int64(-93567), np.int64(-88746), np.int64(-33372), np.int64(-74789), np.int64(-88370), np.int64(-43089), np.int64(-33721), np.int64(-98318), np.int64(-76336), np.int64(-102933), np.int64(-78455), np.int64(-82697), np.int64(-88181), np.int64(-79739), np.int64(-64093), np.int64(-99728), np.int64(-103273), np.int64(-76408), np.int64(-70344), np.int64(-107570), np.int64(-80970), np.int64(-67261), np.int64(-66476), np.int64(-42170), np.int64(-71584), np.int64(-118693), np.int64(-59479), np.int64(-75517), np.int64(-81050), np.int64(-65656), np.int64(-57586), np.int64(-74440), np.int64(-64644), np.int64(-64993), np.int64(-106210), np.int64(-111671), np.int64(-112360), np.int64(-105011), np.int64(-73359), np.int64(-96629), np.int64(-85014), np.int64(-105429), np.int64(-104925), np.int64(-105341), np.int64(-65808), np.int64(-109648), np.int64(-94654), np.int64(-84399), np.int64(-126908), np.int64(-123508), np.int64(-44448), np.int64(-106835), np.int64(-80521), np.int64(-96874), np.int64(-91390), np.int64(-69922), np.int64(-86864), np.int64(-81911), np.int64(-100904), np.int64(-70861), np.int64(-69436), np.int64(-103869), np.int64(-116392), np.int64(-83801), np.int64(-98360), np.int64(-121292), np.int64(-78022), np.int64(-61658), np.int64(-89895), np.int64(-67158), np.int64(-57509), np.int64(-46456), np.int64(-73512), np.int64(-101818)]"
Fácil,23241,-43884,67125,True,6.806210517883301,0.09519672393798828,"[np.int64(-79860), np.int64(-72664), np.int64(-92260), np.int64(-112064), np.int64(-67023), np.int64(-89251), np.int64(-78885), np.int64(-94692), np.int64(-115275), np.int64(-89909), np.int64(-71616), np.int64(-73761), np.int64(-112567), np.int64(-113505), np.int64(-87861), np.int64(-104771), np.int64(-79055), np.int64(-79639), np.int64(-51298), np.int64(-62688), np.int64(-86520), np.int64(-81447), np.int64(-82541), np.int64(-104248), np.int64(-117835), np.int64(-69603), np.int64(-115565), np.int64(-81419), np.int64(-59381), np.int64(-75437), np.int64(-89180), np.int64(-82716), np.int64(-64707), np.int64(-139973), np.int64(-108667), np.int64(-132923), np.int64(-61621), np.int64(-108299), np.int64(-120463), np.int64(-79465), np.int64(-106885), np.int64(-63369), np.int64(-82688), np.int64(-111681), np.int64(-85959), np.int64(-82982), np.int64(-71739), np.int64(-114874), np.int64(-86599), np.int64(-91590), np.int64(-96267), np.int64(-43884), np.int64(-84472), np.int64(-69717), np.int64(-120237), np.int64(-124635), np.int64(-75479), np.int64(-100945), np.int64(-97212), np.int64(-53622), np.int64(-61143), np.int64(-100812), np.int64(-116156), np.int64(-62406), np.int64(-68336), np.int64(-83766), np.int64(-76205), np.int64(-100205), np.int64(-102634), np.int64(-72475), np.int64(-84133), np.int64(-67028), np.int64(-71350), np.int64(-96269), np.int64(-88575), np.int64(-106869), np.int64(-74073), np.int64(-143015), np.int64(-82786), np.int64(-61860), np.int64(-59573), np.int64(-75990), np.int64(-65167), np.int64(-110139), np.int64(-138792), np.int64(-108521), np.int64(-103752), np.int64(-88155), np.int64(-78654), np.int64(-60972), np.int64(-77165), np.int64(-89156), np.int64(-116848), np.int64(-82026), np.int64(-87873), np.int64(-118069), np.int64(-52382), np.int64(-104171), np.int64(-66241), np.int64(-96972)]"
Fácil,22459,-34130,56589,False,6.972080707550049,0.0953531265258789,"[np.int64(-53974), np.int64(-131807), np.int64(-80717), np.int64(-72749), np.int64(-71179), np.int64(-85507), np.int64(-114013), np.int64(-88802), np.int64(-78834), np.int64(-86196), np.int64(-80351), np.int64(-87541), np.int64(-94982), np.int64(-64643), np.int64(-51271), np.int64(-81266), np.int64(-48287), np.int64(-62908), np.int64(-85889), np.int64(-67381), np.int64(-78101), np.int64(-67305), np.int64(-115855), np.int64(-69484), np.int64(-65192), np.int64(-82235), np.int64(-86753), np.int64(-89093), np.int64(-91722), np.int64(-103679), np.int64(-116173), np.int64(-104897), np.int64(-73824), np.int64(-50719), np.int64(-47218), np.int64(-57201), np.int64(-100717), np.int64(-61837), np.int64(-79103), np.int64(-83527), np.int64(-36049), np.int64(-68270), np.int64(-94789), np.int64(-93427), np.int64(-97513), np.int64(-103342), np.int64(-86433), np.int64(-93762), np.int64(-79173), np.int64(-92625), np.int64(-75123), np.int64(-112167), np.int64(-34130), np.int64(-105361), np.int64(-88020), np.int64(-55648), np.int64(-81105), np.int64(-75580), np.int64(-53477), np.int64(-110400), np.int64(-90630), np.int64(-83727), np.int64(-102850), np.int64(-58706), np.int64(-94374), np.int64(-130749), np.int64(-92275), np.int64(-82012), np.int64(-61300), np.int64(-108902), np.int64(-47284), np.int64(-106268), np.int64(-115140), np.int64(-72090), np.int64(-91061), np.int64(-70784), np.int64(-75288), np.int64(-102546), np.int64(-89438), np.int64(-118460), np.int64(-59645), np.int64(-82542), np.int64(-80710), np.int64(-87057), np.int64(-64395), np.int64(-105706), np.int64(-120981), np.int64(-74731), np.int64(-71214), np.int64(-99834), np.int64(-141603), np.int64(-43894), np.int64(-108908), np.int64(-87771), np.int64(-78748), np.int64(-91315), np.int64(-77693), np.int64(-125048), np.int64(-99532), np.int64(-105369)]"
Fácil,23124,-3416,26540,True,6.788945913314819,0.09444904327392578,"[np.int64(-108120), np.int64(-72623), np.int64(-100662), np.int64(-114513), np.int64(-74474), np.int64(-79777), np.int64(-115728), np.int64(-53174), np.int64(-70808), np.int64(-126761), np.int64(-105674), np.int64(-68872), np.int64(-72759), np.int64(-86308), np.int64(-86589), np.int64(-91473), np.int64(-111730), np.int64(-82753), np.int64(-89370), np.int64(-90065), np.int64(-89346), np.int64(-85514), np.int64(-109170), np.int64(-98955), np.int64(-89576), np.int64(-93629), np.int64(-54152), np.int64(-122839), np.int64(-57368), np.int64(-117207), np.int64(-82326), np.int64(-100078), np.int64(-67520), np.int64(-82765), np.int64(-140212), np.int64(-71284), np.int64(-67090), np.int64(-91867), np.int64(-104870), np.int64(-72798), np.int64(-93441), np.int64(-87763), np.int64(-72957), np.int64(-108926), np.int64(-3416), np.int64(-82268), np.int64(-78715), np.int64(-120809), np.int64(-107124), np.int64(-116276), np.int64(-110747), np.int64(-60169), np.int64(-76922), np.int64(-86314), np.int64(-128320), np.int64(-104590), np.int64(-88990), np.int64(-65743), np.int64(-111665), np.int64(-63660), np.int64(-67592), np.int64(-111075), np.int64(-94323), np.int64(-74799), np.int64(-136379), np.int64(-92760), np.int64(-116338), np.int64(-102498), np.int64(-110978), np.int64(-120368), np.int64(-83753), np.int64(-99702), np.int64(-91918), np.int64(-91151), np.int64(-79995), np.int64(-55039), np.int64(-101037), np.int64(-65879), np.int64(-75724), np.int64(-113741), np.int64(-97608), np.int64(-100770), np.int64(-93685), np.int64(-98903), np.int64(-101780), np.int64(-33413), np.int64(-60577), np.int64(-101692), np.int64(-99859), np.int64(-82643), np.int64(-46777), np.int64(-106134), np.int64(-51274), np.int64(-78559), np.int64(-60364), np.int64(-109955), np.int64(-99430), np.int64(-72195), np.int64(-67938), np.int64(-73661)]"
Fácil,23610,-37795,61405,True,6.805946588516235,0.09520626068115234,"[np.int64(-90103), np.int64(-96859), np.int64(-110163), np.int64(-84234), np.int64(-93184), np.int64(-91306), np.int64(-77304), np.int64(-115079), np.int64(-96486), np.int64(-97866), np.int64(-93403), np.int64(-103367), np.int64(-80995), np.int64(-105368), np.int64(-119466), np.int64(-81416), np.int64(-95442), np.int64(-70205), np.int64(-100052), np.int64(-85093), np.int64(-88682), np.int64(-81334), np.int64(-108274), np.int64(-101298), np.int64(-83520), np.int64(-74752), np.int64(-75797), np.int64(-141307), np.int64(-63467), np.int64(-61185), np.int64(-74987), np.int64(-107232), np.int64(-50990), np.int64(-116205), np.int64(-101751), np.int64(-108094), np.int64(-95029), np.int64(-67039), np.int64(-37795), np.int64(-85790), np.int64(-70167), np.int64(-82173), np.int64(-74068), np.int64(-67957), np.int64(-85932), np.int64(-76839), np.int64(-85272), np.int64(-93455), np.int64(-70809), np.int64(-68396), np.int64(-99446), np.int64(-84636), np.int64(-64589), np.int64(-76430), np.int64(-94320), np.int64(-84326), np.int64(-64065), np.int64(-117049), np.int64(-92685), np.int64(-63244), np.int64(-104882), np.int64(-118520), np.int64(-105336), np.int64(-84368), np.int64(-93223), np.int64(-102477), np.int64(-56709), np.int64(-98045), np.int64(-68902), np.int64(-82561), np.int64(-81337), np.int64(-66072), np.int64(-95279), np.int64(-106343), np.int64(-67701), np.int64(-81681), np.int64(-82482), np.int64(-64489), np.int64(-113435), np.int64(-73151), np.int64(-69062), np.int64(-92283), np.int64(-93647), np.int64(-97664), np.int64(-106602), np.int64(-81382), np.int64(-100039), np.int64(-96086), np.int64(-78285), np.int64(-103550), np.int64(-63184), np.int64(-103641), np.int64(-123476), np.int64(-68283), np.int64(-84625), np.int64(-118189), np.int64(-84828), np.int64(-74929), np.int64(-76890), np.int64(-70330)]"
Fácil,22356,-36235,58591,False,6.8005616664886475,0.0953531265258789,"[np.int64(-93953), np.int64(-92076), np.int64(-82225), np.int64(-59234), np.int64(-91956), np.int64(-126509), np.int64(-133308), np.int64(-83265), np.int64(-94075), np.int64(-74002), np.int64(-114783), np.int64(-106844), np.int64(-81426), np.int64(-93289), np.int64(-66934), np.int64(-108848), np.int64(-88125), np.int64(-95716), np.int64(-65048), np.int64(-66341), np.int64(-71401), np.int64(-84824), np.int64(-86672), np.int64(-118460), np.int64(-77937), np.int64(-125735), np.int64(-80449), np.int64(-111375), np.int64(-113675), np.int64(-101080), np.int64(-106721), np.int64(-95812), np.int64(-77675), np.int64(-128084), np.int64(-96060), np.int64(-74992), np.int64(-47279), np.int64(-92027), np.int64(-113741), np.int64(-105790), np.int64(-54230), np.int64(-111412), np.int64(-81106), np.int64(-93992), np.int64(-115537), np.int64(-36235), np.int64(-110182), np.int64(-105513), np.int64(-65954), np.int64(-100575), np.int64(-82043), np.int64(-133459), np.int64(-97469), np.int64(-93131), np.int64(-115413), np.int64(-133003), np.int64(-76749), np.int64(-113728), np.int64(-113798), np.int64(-96763), np.int64(-75869), np.int64(-90838), np.int64(-89222), np.int64(-73010), np.int64(-93621), np.int64(-78188), np.int64(-123522), np.int64(-115010), np.int64(-66801), np.int64(-87309), np.int64(-70424), np.int64(-106167), np.int64(-83179), np.int64(-103834), np.int64(-104765), np.int64(-83543), np.int64(-129484), np.int64(-81031), np.int64(-94493), np.int64(-97326), np.int64(-112537), np.int64(-63923), np.int64(-96829), np.int64(-79763), np.int64(-73660), np.int64(-103597), np.int64(-59926), np.int64(-100965), np.int64(-110972), np.int64(-113047), np.int64(-98175), np.int64(-119531), np.int64(-146286), np.int64(-88225), np.int64(-89393), np.int64(-82427), np.int64(-109599), np.int64(-70443), np.int64(-87493), np.int64(-74397)]"
Fácil,22558,-37276,59834,False,6.773081302642822,0.09520816802978516,"[np.int64(-99069), np.int64(-96652), np.int64(-95363), np.int64(-75798), np.int64(-37276), np.int64(-101497), np.int64(-93291), np.int64(-93811), np.int64(-118183), np.int64(-131784), np.int64(-112326), np.int64(-84969), np.int64(-134854), np.int64(-108206), np.int64(-90295), np.int64(-86549), np.int64(-76107), np.int64(-98167), np.int64(-49864), np.int64(-101037), np.int64(-105290), np.int64(-102198), np.int64(-81912), np.int64(-39985), np.int64(-58983), np.int64(-80360), np.int64(-84234), np.int64(-77318), np.int64(-79172), np.int64(-69060), np.int64(-147765), np.int64(-71920), np.int64(-119572), np.int64(-131476), np.int64(-58420), np.int64(-82511), np.int64(-80828), np.int64(-65342), np.int64(-108218), np.int64(-55237), np.int64(-93130), np.int64(-94652), np.int64(-81848), np.int64(-133856), np.int64(-83344), np.int64(-77930), np.int64(-63094), np.int64(-92478), np.int64(-109407), np.int64(-60145), np.int64(-110685), np.int64(-80942), np.int64(-133407), np.int64(-96083), np.int64(-100407), np.int64(-137752), np.int64(-70485), np.int64(-82804), np.int64(-74356), np.int64(-94256), np.int64(-47752), np.int64(-46822), np.int64(-71823), np.int64(-118416), np.int64(-75045), np.int64(-83286), np.int64(-82891), np.int64(-115305), np.int64(-111074), np.int64(-82086), np.int64(-92817), np.int64(-55572), np.int64(-51030), np.int64(-92414), np.int64(-91565), np.int64(-79893), np.int64(-108530), np.int64(-67807), np.int64(-127108), np.int64(-92007), np.int64(-103865), np.int64(-113106), np.int64(-115599), np.int64(-80201), np.int64(-109641), np.int64(-59106), np.int64(-87273), np.int64(-75525), np.int64(-115499), np.int64(-69766), np.int64(-85003), np.int64(-97047), np.int64(-99676), np.int64(-114531), np.int64(-76342), np.int64(-101918), np.int64(-90876), np.int64(-117197), np.int64(-77980), np.int64(-97566)]"
Fácil,22435,-34148,56583,True,6.781867265701294,0.09447193145751953,"[np.int64(-84969), np.int64(-96675), np.int64(-96493), np.int64(-78486), np.int64(-55557), np.int64(-93582), np.int64(-115091), np.int64(-87133), np.int64(-85248), np.int64(-138388), np.int64(-124443), np.int64(-70607), np.int64(-95646), np.int64(-94839), np.int64(-98104), np.int64(-68145), np.int64(-101889), np.int64(-104748), np.int64(-93695), np.int64(-81572), np.int64(-63544), np.int64(-34148), np.int64(-65214), np.int64(-98691), np.int64(-98959), np.int64(-86979), np.int64(-67992), np.int64(-106850), np.int64(-87856), np.int64(-61147), np.int64(-110836), np.int64(-65701), np.int64(-93696), np.int64(-106701), np.int64(-100477), np.int64(-102785), np.int64(-84695), np.int64(-71410), np.int64(-107024), np.int64(-130537), np.int64(-98880), np.int64(-65777), np.int64(-123985), np.int64(-58660), np.int64(-122421), np.int64(-95588), np.int64(-101825), np.int64(-62814), np.int64(-123113), np.int64(-105652), np.int64(-74553), np.int64(-106321), np.int64(-120958), np.int64(-126648), np.int64(-90192), np.int64(-142865), np.int64(-104826), np.int64(-90728), np.int64(-87939), np.int64(-55509), np.int64(-111150), np.int64(-85164), np.int64(-95670), np.int64(-118580), np.int64(-104138), np.int64(-112725), np.int64(-71176), np.int64(-66466), np.int64(-84994), np.int64(-79555), np.int64(-98462), np.int64(-117356), np.int64(-83049), np.int64(-52449), np.int64(-83233), np.int64(-50719), np.int64(-79273), np.int64(-53748), np.int64(-72531), np.int64(-73287), np.int64(-72727), np.int64(-97133), np.int64(-75281), np.int64(-55349), np.int64(-45869), np.int64(-69079), np.int64(-87162), np.int64(-75905), np.int64(-112119), np.int64(-89651), np.int64(-67133), np.int64(-66822), np.int64(-73690), np.int64(-93369), np.int64(-63622), np.int64(-89865), np.int64(-73021), np.int64(-89448), np.int64(-135103), np.int64(-87464)]"
Media,50373,-378700,429073,False,7.354498863220215,0.21630382537841797,"[np.int64(-378700), np.int64(-499991), np.int64(-559593), np.int64(-464129), np.int64(-624187), np.int64(-527526), np.int64(-524774), np.int64(-471377), np.int64(-523118), np.int64(-498835), np.int64(-644303), np.int64(-527669), np.int64(-462704), np.int64(-502377), np.int64(-519753), np.int64(-578322), np.int64(-604970), np.int64(-608175), np.int64(-626709), np.int64(-573384), np.int64(-513282), np.int64(-603875), np.int64(-521896), np.int64(-456063), np.int64(-675560), np.int64(-431603), np.int64(-571554), np.int64(-550542), np.int64(-417496), np.int64(-460918), np.int64(-612500), np.int64(-595641), np.int64(-541647), np.int64(-639652), np.int64(-557112), np.int64(-601319), np.int64(-525925), np.int64(-591605), np.int64(-484640), np.int64(-530448), np.int64(-426158), np.int64(-517756), np.int64(-498429), np.int64(-518266), np.int64(-558653), np.int64(-528217), np.int64(-434782), np.int64(-503578), np.int64(-609086), np.int64(-676124), np.int64(-527676), np.int64(-566874), np.int64(-486229), np.int64(-413396), np.int64(-388713), np.int64(-510522), np.int64(-501544), np.int64(-613010), np.int64(-601926), np.int64(-540329), np.int64(-521274), np.int64(-750599), np.int64(-567642), np.int64(-595559), np.int64(-508356), np.int64(-462003), np.int64(-596231), np.int64(-442968), np.int64(-471540), np.int64(-477812), np.int64(-599554), np.int64(-537105), np.int64(-607685), np.int64(-641580), np.int64(-411848), np.int64(-578837), np.int64(-534152), np.int64(-594653), np.int64(-463736), np.int64(-432087), np.int64(-438660), np.int64(-695294), np.int64(-606727), np.int64(-477783), np.int64(-462757), np.int64(-547556), np.int64(-507324), np.int64(-581080), np.int64(-460203), np.int64(-532512), np.int64(-557040), np.int64(-570372), np.int64(-474843), np.int64(-573803), np.int64(-592811), np.int64(-557665), np.int64(-634083), np.int64(-497309), np.int64(-602830), np.int64(-524338)]"
Media,51115,-390769,441884,False,7.361851453781128,0.21899127960205078,"[np.int64(-563902), np.int64(-556526), np.int64(-449092), np.int64(-554244), np.int64(-568763), np.int64(-553816), np.int64(-547024), np.int64(-496185), np.int64(-520851), np.int64(-540925), np.int64(-557115), np.int64(-493408), np.int64(-423970), np.int64(-565744), np.int64(-437240), np.int64(-423336), np.int64(-443460), np.int64(-569655), np.int64(-487846), np.int64(-539196), np.int64(-611105), np.int64(-597463), np.int64(-476557), np.int64(-467600), np.int64(-511398), np.int64(-583742), np.int64(-487767), np.int64(-488870), np.int64(-418580), np.int64(-579659), np.int64(-470898), np.int64(-614055), np.int64(-609886), np.int64(-523208), np.int64(-482955), np.int64(-444983), np.int64(-679919), np.int64(-594495), np.int64(-467847), np.int64(-587938), np.int64(-517905), np.int64(-503316), np.int64(-579445), np.int64(-507524), np.int64(-492201), np.int64(-514354), np.int64(-511744), np.int64(-531795), np.int64(-446305), np.int64(-512359), np.int64(-616151), np.int64(-499792), np.int64(-488296), np.int64(-448775), np.int64(-507516), np.int64(-529172), np.int64(-609898), np.int64(-533165), np.int64(-618497), np.int64(-565983), np.int64(-543535), np.int64(-603620), np.int64(-471732), np.int64(-615832), np.int64(-482207), np.int64(-551394), np.int64(-591066), np.int64(-553791), np.int64(-390769), np.int64(-416462), np.int64(-530459), np.int64(-457935), np.int64(-610479), np.int64(-519864), np.int64(-523678), np.int64(-547856), np.int64(-513655), np.int64(-512977), np.int64(-460612), np.int64(-562524), np.int64(-608908), np.int64(-549432), np.int64(-621266), np.int64(-686430), np.int64(-455150), np.int64(-504484), np.int64(-611881), np.int64(-605849), np.int64(-569885), np.int64(-531961), np.int64(-513925), np.int64(-515647), np.int64(-466248), np.int64(-418686), np.int64(-499794), np.int64(-558483), np.int64(-504099), np.int64(-559813), np.int64(-439259), np.int64(-491970)]"
Media,52709,-338859,391568,False,7.386623859405518,0.21896839141845703,"[np.int64(-338859), np.int64(-464738), np.int64(-473431), np.int64(-572625), np.int64(-625478), np.int64(-539643), np.int64(-571519), np.int64(-521012), np.int64(-457428), np.int64(-467060), np.int64(-527080), np.int64(-455799), np.int64(-444468), np.int64(-512886), np.int64(-600644), np.int64(-626504), np.int64(-487143), np.int64(-663004), np.int64(-531145), np.int64(-545494), np.int64(-647123), np.int64(-624827), np.int64(-592113), np.int64(-549843), np.int64(-596619), np.int64(-517507), np.int64(-653625), np.int64(-548020), np.int64(-590400), np.int64(-513686), np.int64(-487113), np.int64(-623677), np.int64(-584268), np.int64(-511821), np.int64(-450440), np.int64(-604381), np.int64(-591886), np.int64(-619900), np.int64(-475106), np.int64(-601070), np.int64(-529267), np.int64(-549787), np.int64(-394911), np.int64(-439471), np.int64(-579269), np.int64(-596566), np.int64(-616429), np.int64(-550554), np.int64(-507705), np.int64(-417115), np.int64(-553132), np.int64(-607700), np.int64(-580019), np.int64(-569985), np.int64(-566119), np.int64(-700406), np.int64(-572196), np.int64(-467458), np.int64(-486092), np.int64(-617987), np.int64(-654732), np.int64(-550451), np.int64(-569807), np.int64(-553704), np.int64(-518991), np.int64(-555456), np.int64(-502765), np.int64(-567368), np.int64(-550517), np.int64(-392165), np.int64(-654699), np.int64(-562079), np.int64(-581136), np.int64(-459456), np.int64(-561246), np.int64(-451221), np.int64(-539972), np.int64(-354499), np.int64(-563515), np.int64(-545585), np.int64(-401949), np.int64(-489630), np.int64(-549790), np.int64(-454260), np.int64(-445556), np.int64(-516192), np.int64(-542663), np.int64(-575365), np.int64(-450324), np.int64(-598973), np.int64(-524235), np.int64(-549719), np.int64(-653755), np.int64(-636255), np.int64(-751205), np.int64(-544385), np.int64(-516997), np.int64(-468800), np.int64(-446140), np.int64(-561414)]"
Media,50713,-352791,403504,False,7.377772569656372,0.21762943267822266,"[np.int64(-590954), np.int64(-464301), np.int64(-637565), np.int64(-537295), np.int64(-440517), np.int64(-395908), np.int64(-567893), np.int64(-392563), np.int64(-519157), np.int64(-430696), np.int64(-509266), np.int64(-623209), np.int64(-530919), np.int64(-450278), np.int64(-569733), np.int64(-525483), np.int64(-676458), np.int64(-648391), np.int64(-558459), np.int64(-492669), np.int64(-518923), np.int64(-584762), np.int64(-447339), np.int64(-484358), np.int64(-444433), np.int64(-710859), np.int64(-531155), np.int64(-567145), np.int64(-568641), np.int64(-527655), np.int64(-553560), np.int64(-573126), np.int64(-537246), np.int64(-479324), np.int64(-522919), np.int64(-538490), np.int64(-643841), np.int64(-519935), np.int64(-587556), np.int64(-572251), np.int64(-517165), np.int64(-438000), np.int64(-491884), np.int64(-442815), np.int64(-467504), np.int64(-471559), np.int64(-603237), np.int64(-643675), np.int64(-514722), np.int64(-558944), np.int64(-551612), np.int64(-548500), np.int64(-521835), np.int64(-482115), np.int64(-667498), np.int64(-538465), np.int64(-399217), np.int64(-581297), np.int64(-440199), np.int64(-506245), np.int64(-445363), np.int64(-574007), np.int64(-540617), np.int64(-355283), np.int64(-613956), np.int64(-660282), np.int64(-507237), np.int64(-506368), np.int64(-647852), np.int64(-647047), np.int64(-462008), np.int64(-546227), np.int64(-559042), np.int64(-505806), np.int64(-625139), np.int64(-521203), np.int64(-657484), np.int64(-477842), np.int64(-538722), np.int64(-481107), np.int64(-594662), np.int64(-570912), np.int64(-511604), np.int64(-352791), np.int64(-521872), np.int64(-551822), np.int64(-611748), np.int64(-640092), np.int64(-452409), np.int64(-572694), np.int64(-649266), np.int64(-583602), np.int64(-473561), np.int64(-497620), np.int64(-374289), np.int64(-603605), np.int64(-533092), np.int64(-485373), np.int64(-441508), np.int64(-538496)]"
Media,52794,-347521,400315,False,7.361733675003052,0.2181081771850586,"[np.int64(-474816), np.int64(-545726), np.int64(-484595), np.int64(-663369), np.int64(-555646), np.int64(-522422), np.int64(-483085), np.int64(-689120), np.int64(-444178), np.int64(-592018), np.int64(-469904), np.int64(-632310), np.int64(-522158), np.int64(-510964), np.int64(-378189), np.int64(-595864), np.int64(-535934), np.int64(-577077), np.int64(-468517), np.int64(-409293), np.int64(-619868), np.int64(-549380), np.int64(-401271), np.int64(-541150), np.int64(-482049), np.int64(-387335), np.int64(-561677), np.int64(-591218), np.int64(-430673), np.int64(-499507), np.int64(-503080), np.int64(-574778), np.int64(-542082), np.int64(-647111), np.int64(-529101), np.int64(-503425), np.int64(-542758), np.int64(-592929), np.int64(-577293), np.int64(-603682), np.int64(-541459), np.int64(-684125), np.int64(-543745), np.int64(-591534), np.int64(-486905), np.int64(-459326), np.int64(-634724), np.int64(-443411), np.int64(-618247), np.int64(-468232), np.int64(-529515), np.int64(-416930), np.int64(-593868), np.int64(-623802), np.int64(-605198), np.int64(-547324), np.int64(-530089), np.int64(-419148), np.int64(-651711), np.int64(-566885), np.int64(-608562), np.int64(-518339), np.int64(-509605), np.int64(-473031), np.int64(-484162), np.int64(-385198), np.int64(-602628), np.int64(-428486), np.int64(-519202), np.int64(-552410), np.int64(-521547), np.int64(-512858), np.int64(-540783), np.int64(-523069), np.int64(-380058), np.int64(-550464), np.int64(-581836), np.int64(-417048), np.int64(-438195), np.int64(-600871), np.int64(-585356), np.int64(-552904), np.int64(-580597), np.int64(-540303), np.int64(-543297), np.int64(-433548), np.int64(-632015), np.int64(-458006), np.int64(-644672), np.int64(-610082), np.int64(-616848), np.int64(-658623), np.int64(-641374), np.int64(-582949), np.int64(-425851), np.int64(-458473), np.int64(-614262), np.int64(-519208), np.int64(-492033), np.int64(-347521)]"
Media,52276,-294369,346645,True,7.371406078338623,0.21892356872558594,"[np.int64(-519898), np.int64(-511846), np.int64(-625657), np.int64(-484099), np.int64(-449045), np.int64(-658501), np.int64(-486141), np.int64(-536643), np.int64(-694790), np.int64(-623008), np.int64(-579824), np.int64(-523282), np.int64(-596146), np.int64(-637655), np.int64(-523099), np.int64(-567074), np.int64(-539510), np.int64(-381601), np.int64(-513203), np.int64(-568932), np.int64(-532817), np.int64(-294369), np.int64(-621519), np.int64(-513047), np.int64(-528467), np.int64(-519783), np.int64(-523783), np.int64(-521126), np.int64(-657154), np.int64(-520551), np.int64(-384981), np.int64(-472858), np.int64(-549242), np.int64(-493871), np.int64(-410519), np.int64(-545237), np.int64(-449035), np.int64(-555259), np.int64(-575197), np.int64(-473934), np.int64(-569155), np.int64(-507273), np.int64(-480143), np.int64(-521644), np.int64(-522525), np.int64(-460599), np.int64(-525251), np.int64(-643039), np.int64(-500583), np.int64(-546113), np.int64(-534974), np.int64(-633269), np.int64(-551426), np.int64(-500326), np.int64(-519569), np.int64(-485628), np.int64(-493041), np.int64(-569374), np.int64(-442613), np.int64(-570815), np.int64(-427370), np.int64(-538520), np.int64(-598416), np.int64(-477075), np.int64(-472876), np.int64(-463500), np.int64(-538503), np.int64(-529534), np.int64(-413632), np.int64(-527009), np.int64(-475729), np.int64(-648121), np.int64(-461028), np.int64(-532518), np.int64(-627295), np.int64(-409086), np.int64(-488803), np.int64(-624382), np.int64(-609969), np.int64(-496523), np.int64(-426223), np.int64(-589981), np.int64(-512949), np.int64(-566303), np.int64(-562364), np.int64(-532182), np.int64(-561648), np.int64(-491524), np.int64(-685204), np.int64(-496533), np.int64(-498288), np.int64(-559192), np.int64(-510350), np.int64(-502479), np.int64(-510315), np.int64(-641776), np.int64(-544522), np.int64(-660246), np.int64(-516795), np.int64(-490387)]"
Media,53471,-386581,440052,False,7.437603235244751,0.2176065444946289,"[np.int64(-516351), np.int64(-498362), np.int64(-425890), np.int64(-522497), np.int64(-562330), np.int64(-443342), np.int64(-694762), np.int64(-505719), np.int64(-557188), np.int64(-584185), np.int64(-599958), np.int64(-573038), np.int64(-571356), np.int64(-441698), np.int64(-563255), np.int64(-484274), np.int64(-566817), np.int64(-635393), np.int64(-506013), np.int64(-397387), np.int64(-386581), np.int64(-567983), np.int64(-532527), np.int64(-469364), np.int64(-443500), np.int64(-488586), np.int64(-637432), np.int64(-546264), np.int64(-510351), np.int64(-558338), np.int64(-564744), np.int64(-505437), np.int64(-444446), np.int64(-582401), np.int64(-480183), np.int64(-592280), np.int64(-537415), np.int64(-565290), np.int64(-630585), np.int64(-547039), np.int64(-624891), np.int64(-522515), np.int64(-405226), np.int64(-498253), np.int64(-560737), np.int64(-402934), np.int64(-538283), np.int64(-510820), np.int64(-577831), np.int64(-451495), np.int64(-520568), np.int64(-572154), np.int64(-541064), np.int64(-587015), np.int64(-575093), np.int64(-456495), np.int64(-458643), np.int64(-451438), np.int64(-505673), np.int64(-728459), np.int64(-632215), np.int64(-478583), np.int64(-555548), np.int64(-572640), np.int64(-560957), np.int64(-598292), np.int64(-456320), np.int64(-531867), np.int64(-501754), np.int64(-527868), np.int64(-421668), np.int64(-440046), np.int64(-803496), np.int64(-452230), np.int64(-464674), np.int64(-492056), np.int64(-442070), np.int64(-439474), np.int64(-521611), np.int64(-558567), np.int64(-486015), np.int64(-518841), np.int64(-526606), np.int64(-517656), np.int64(-518397), np.int64(-609962), np.int64(-431920), np.int64(-513992), np.int64(-516158), np.int64(-600950), np.int64(-500716), np.int64(-519697), np.int64(-462844), np.int64(-532874), np.int64(-616968), np.int64(-504318), np.int64(-621576), np.int64(-510313), np.int64(-554932), np.int64(-516576)]"
Media,51004,-335489,386493,True,7.412762403488159,0.21892356872558594,"[np.int64(-512529), np.int64(-562224), np.int64(-613784), np.int64(-513424), np.int64(-525609), np.int64(-526134), np.int64(-534842), np.int64(-415785), np.int64(-417121), np.int64(-543692), np.int64(-540401), np.int64(-534392), np.int64(-593924), np.int64(-542694), np.int64(-598629), np.int64(-483670), np.int64(-511174), np.int64(-454236), np.int64(-400423), np.int64(-499695), np.int64(-534883), np.int64(-783700), np.int64(-439016), np.int64(-412193), np.int64(-447763), np.int64(-677972), np.int64(-558201), np.int64(-335489), np.int64(-509301), np.int64(-539427), np.int64(-515561), np.int64(-544800), np.int64(-507179), np.int64(-556924), np.int64(-435976), np.int64(-481080), np.int64(-603200), np.int64(-482923), np.int64(-491487), np.int64(-556640), np.int64(-522499), np.int64(-607732), np.int64(-558186), np.int64(-365059), np.int64(-530628), np.int64(-522607), np.int64(-647798), np.int64(-533754), np.int64(-616169), np.int64(-563961), np.int64(-566648), np.int64(-523954), np.int64(-432660), np.int64(-681560), np.int64(-575446), np.int64(-476435), np.int64(-514831), np.int64(-562922), np.int64(-439953), np.int64(-543122), np.int64(-525526), np.int64(-546009), np.int64(-429423), np.int64(-474907), np.int64(-467096), np.int64(-551443), np.int64(-459763), np.int64(-508386), np.int64(-589868), np.int64(-565415), np.int64(-530362), np.int64(-594298), np.int64(-494270), np.int64(-392555), np.int64(-593818), np.int64(-608813), np.int64(-476917), np.int64(-694782), np.int64(-528339), np.int64(-479782), np.int64(-534933), np.int64(-526740), np.int64(-528362), np.int64(-520349), np.int64(-487047), np.int64(-563934), np.int64(-515667), np.int64(-587475), np.int64(-590589), np.int64(-521119), np.int64(-466657), np.int64(-382928), np.int64(-543515), np.int64(-511644), np.int64(-461605), np.int64(-514329), np.int64(-533194), np.int64(-591717), np.int64(-430891), np.int64(-600016)]"
Media,52084,-359412,411496,True,7.87276291847229,0.21899127960205078,"[np.int64(-525614), np.int64(-399751), np.int64(-522628), np.int64(-485991), np.int64(-498237), np.int64(-520455), np.int64(-527944), np.int64(-473310), np.int64(-500171), np.int64(-615504), np.int64(-591365), np.int64(-588493), np.int64(-431000), np.int64(-609854), np.int64(-459692), np.int64(-396943), np.int64(-580766), np.int64(-554439), np.int64(-540549), np.int64(-529300), np.int64(-616710), np.int64(-456557), np.int64(-543325), np.int64(-509594), np.int64(-485445), np.int64(-564112), np.int64(-522938), np.int64(-496645), np.int64(-560968), np.int64(-512671), np.int64(-430922), np.int64(-473196), np.int64(-580070), np.int64(-510298), np.int64(-493496), np.int64(-538486), np.int64(-544973), np.int64(-632637), np.int64(-508259), np.int64(-639775), np.int64(-562731), np.int64(-391540), np.int64(-359412), np.int64(-473138), np.int64(-397193), np.int64(-448191), np.int64(-478904), np.int64(-642262), np.int64(-478839), np.int64(-399829), np.int64(-603551), np.int64(-610517), np.int64(-563997), np.int64(-632871), np.int64(-728715), np.int64(-555091), np.int64(-638183), np.int64(-384700), np.int64(-591874), np.int64(-395435), np.int64(-522863), np.int64(-707143), np.int64(-513459), np.int64(-524014), np.int64(-503596), np.int64(-516743), np.int64(-510289), np.int64(-432807), np.int64(-520005), np.int64(-540404), np.int64(-552259), np.int64(-665662), np.int64(-533650), np.int64(-531606), np.int64(-555793), np.int64(-614376), np.int64(-462961), np.int64(-551300), np.int64(-742072), np.int64(-679123), np.int64(-559916), np.int64(-511951), np.int64(-515943), np.int64(-619812), np.int64(-600182), np.int64(-483131), np.int64(-536949), np.int64(-555259), np.int64(-561666), np.int64(-417266), np.int64(-468841), np.int64(-664301), np.int64(-552502), np.int64(-549316), np.int64(-528488), np.int64(-509435), np.int64(-526627), np.int64(-576514), np.int64(-595501), np.int64(-546820)]"
Media,52217,-342848,395065,True,7.906492471694946,0.2180633544921875,"[np.int64(-486755), np.int64(-447994), np.int64(-643952), np.int64(-519968), np.int64(-387874), np.int64(-462977), np.int64(-579464), np.int64(-596596), np.int64(-440949), np.int64(-499600), np.int64(-545987), np.int64(-527671), np.int64(-597946), np.int64(-526048), np.int64(-643178), np.int64(-479804), np.int64(-556196), np.int64(-397648), np.int64(-489240), np.int64(-645210), np.int64(-645212), np.int64(-485556), np.int64(-495001), np.int64(-412143), np.int64(-554918), np.int64(-571861), np.int64(-552157), np.int64(-583162), np.int64(-586338), np.int64(-669804), np.int64(-501782), np.int64(-581435), np.int64(-503880), np.int64(-571086), np.int64(-675570), np.int64(-437384), np.int64(-342848), np.int64(-565875), np.int64(-498921), np.int64(-654340), np.int64(-529163), np.int64(-599520), np.int64(-373648), np.int64(-476640), np.int64(-581264), np.int64(-572468), np.int64(-578890), np.int64(-425212), np.int64(-566356), np.int64(-499252), np.int64(-544396), np.int64(-345073), np.int64(-692896), np.int64(-512561), np.int64(-444726), np.int64(-475338), np.int64(-424013), np.int64(-633352), np.int64(-514198), np.int64(-483445), np.int64(-468205), np.int64(-589435), np.int64(-537377), np.int64(-677302), np.int64(-586202), np.int64(-588192), np.int64(-544843), np.int64(-374488), np.int64(-542839), np.int64(-447107), np.int64(-504876), np.int64(-518908), np.int64(-452076), np.int64(-455843), np.int64(-446757), np.int64(-393032), np.int64(-541588), np.int64(-502672), np.int64(-533882), np.int64(-544920), np.int64(-498952), np.int64(-597987), np.int64(-680160), np.int64(-583854), np.int64(-634351), np.int64(-544639), np.int64(-502233), np.int64(-487809), np.int64(-495575), np.int64(-514273), np.int64(-602545), np.int64(-581800), np.int64(-631093), np.int64(-443725), np.int64(-485003), np.int64(-531106), np.int64(-594450), np.int64(-572033), np.int64(-658066), np.int64(-450776)]"
Difícil,97248,-2593363,2690611,False,9.322874069213867,0.4259681701660156,"[np.int64(-3325071), np.int64(-4086122), np.int64(-3306117), np.int64(-3393793), np.int64(-3457032), np.int64(-3814284), np.int64(-3431812), np.int64(-3665093), np.int64(-3966389), np.int64(-3656223), np.int64(-3060683), np.int64(-3249329), np.int64(-4109130), np.int64(-3561044), np.int64(-3918453), np.int64(-3828832), np.int64(-3316029), np.int64(-3570963), np.int64(-3574349), np.int64(-3428397), np.int64(-4360227), np.int64(-3420653), np.int64(-3907691), np.int64(-3520269), np.int64(-3454485), np.int64(-3593775), np.int64(-3730105), np.int64(-3638018), np.int64(-3270965), np.int64(-3748138), np.int64(-3394566), np.int64(-3698352), np.int64(-3844117), np.int64(-3489907), np.int64(-3749680), np.int64(-3671665), np.int64(-3882095), np.int64(-3951660), np.int64(-3977931), np.int64(-3606350), np.int64(-3031691), np.int64(-3343772), np.int64(-4244039), np.int64(-3942951), np.int64(-3392737), np.int64(-3243437), np.int64(-3529224), np.int64(-2593363), np.int64(-3227574), np.int64(-3157969), np.int64(-3982142), np.int64(-4240891), np.int64(-3966868), np.int64(-3477443), np.int64(-3093834), np.int64(-3350493), np.int64(-3515963), np.int64(-3835488), np.int64(-3410387), np.int64(-3370976), np.int64(-3426380), np.int64(-3521658), np.int64(-4385880), np.int64(-4059873), np.int64(-3379008), np.int64(-3466589), np.int64(-3575333), np.int64(-3235772), np.int64(-3136021), np.int64(-3923455), np.int64(-3905600), np.int64(-3474941), np.int64(-4232296), np.int64(-3285036), np.int64(-4069945), np.int64(-3222292), np.int64(-3626828), np.int64(-3770118), np.int64(-3523423), np.int64(-3662024), np.int64(-4153695), np.int64(-3716037), np.int64(-3698566), np.int64(-3681394), np.int64(-3193632), np.int64(-3443262), np.int64(-3349123), np.int64(-3871013), np.int64(-3177781), np.int64(-3452507), np.int64(-2884528), np.int64(-3598714), np.int64(-3590225), np.int64(-3446089), np.int64(-3100848), np.int64(-3805282), np.int64(-3540269), np.int64(-3643126), np.int64(-4101365), np.int64(-3237510)]"
Difícil,97716,-2775358,2873074,True,9.29203724861145,0.42769527435302734,"[np.int64(-3848534), np.int64(-2980060), np.int64(-3640048), np.int64(-3706991), np.int64(-3662381), np.int64(-3416733), np.int64(-3687008), np.int64(-3945108), np.int64(-3394336), np.int64(-3364762), np.int64(-3618035), np.int64(-3304296), np.int64(-4171905), np.int64(-3757223), np.int64(-3340646), np.int64(-3434769), np.int64(-2807632), np.int64(-3323567), np.int64(-3359489), np.int64(-3519845), np.int64(-3896092), np.int64(-3752812), np.int64(-3912135), np.int64(-3805409), np.int64(-3832051), np.int64(-3460673), np.int64(-3622615), np.int64(-3156781), np.int64(-3767264), np.int64(-3552243), np.int64(-3742487), np.int64(-3409272), np.int64(-3308393), np.int64(-3357102), np.int64(-4236561), np.int64(-3230787), np.int64(-3466461), np.int64(-3389514), np.int64(-3985680), np.int64(-3039883), np.int64(-3274640), np.int64(-3496587), np.int64(-3531084), np.int64(-3530376), np.int64(-4001411), np.int64(-3464954), np.int64(-3821334), np.int64(-3653796), np.int64(-3359337), np.int64(-3690635), np.int64(-3249773), np.int64(-3607284), np.int64(-3030378), np.int64(-3153007), np.int64(-3895494), np.int64(-3530438), np.int64(-3635623), np.int64(-3738601), np.int64(-3197458), np.int64(-3363527), np.int64(-2907366), np.int64(-3667238), np.int64(-3875591), np.int64(-3358747), np.int64(-3847354), np.int64(-3519134), np.int64(-2901712), np.int64(-4265624), np.int64(-3158594), np.int64(-3458850), np.int64(-4002448), np.int64(-3649695), np.int64(-3868135), np.int64(-3325323), np.int64(-3202069), np.int64(-3101629), np.int64(-3765278), np.int64(-3121034), np.int64(-4667309), np.int64(-3276431), np.int64(-3745334), np.int64(-3917602), np.int64(-3270943), np.int64(-3380329), np.int64(-3364805), np.int64(-3459720), np.int64(-3030711), np.int64(-2775358), np.int64(-3684817), np.int64(-3743273), np.int64(-3235210), np.int64(-3674742), np.int64(-4010096), np.int64(-2886405), np.int64(-3918306), np.int64(-3347892), np.int64(-3960565), np.int64(-3358907), np.int64(-3617481), np.int64(-3405589)]"
Difícil,98319,-2358989,2457308,True,9.438892364501953,0.42793941497802734,"[np.int64(-3667009), np.int64(-3626282), np.int64(-3966225), np.int64(-3702500), np.int64(-3749350), np.int64(-3603881), np.int64(-3725789), np.int64(-4214215), np.int64(-4064558), np.int64(-3646178), np.int64(-3707481), np.int64(-3308843), np.int64(-3784148), np.int64(-3639625), np.int64(-3590441), np.int64(-3628497), np.int64(-3581776), np.int64(-4061470), np.int64(-4030537), np.int64(-3140145), np.int64(-3869706), np.int64(-3608915), np.int64(-3441515), np.int64(-3534701), np.int64(-3102289), np.int64(-3188982), np.int64(-2759843), np.int64(-3576333), np.int64(-3156803), np.int64(-3835149), np.int64(-4094286), np.int64(-3342733), np.int64(-2358989), np.int64(-3619098), np.int64(-3596037), np.int64(-4191385), np.int64(-3074107), np.int64(-2793448), np.int64(-3102381), np.int64(-4083373), np.int64(-2910011), np.int64(-3567685), np.int64(-4240470), np.int64(-4051712), np.int64(-3186852), np.int64(-4094740), np.int64(-3788627), np.int64(-3218242), np.int64(-3905947), np.int64(-3705696), np.int64(-3342317), np.int64(-3500583), np.int64(-3736310), np.int64(-3253732), np.int64(-3107798), np.int64(-4139319), np.int64(-3231584), np.int64(-3206870), np.int64(-3572411), np.int64(-2591286), np.int64(-3157225), np.int64(-3815142), np.int64(-4212051), np.int64(-4211300), np.int64(-3643348), np.int64(-4299083), np.int64(-3913433), np.int64(-3221222), np.int64(-3857319), np.int64(-4193373), np.int64(-3724618), np.int64(-2916773), np.int64(-4490605), np.int64(-3358520), np.int64(-3619733), np.int64(-3796122), np.int64(-4078202), np.int64(-3292167), np.int64(-3269364), np.int64(-3777509), np.int64(-2976620), np.int64(-3324841), np.int64(-3728732), np.int64(-3373072), np.int64(-3530590), np.int64(-4377256), np.int64(-3355814), np.int64(-3554533), np.int64(-3648873), np.int64(-3620121), np.int64(-3894223), np.int64(-3734725), np.int64(-3599078), np.int64(-3855536), np.int64(-3507633), np.int64(-3640007), np.int64(-3274723), np.int64(-3716242), np.int64(-3396627), np.int64(-3528278)]"
Difícil,98575,-2803178,2901753,False,9.447524785995483,0.4259653091430664,"[np.int64(-3715815), np.int64(-3780830), np.int64(-3516444), np.int64(-3797525), np.int64(-4309367), np.int64(-3064958), np.int64(-3456191), np.int64(-3665351), np.int64(-3791990), np.int64(-3341455), np.int64(-3424134), np.int64(-3574127), np.int64(-3468283), np.int64(-3391174), np.int64(-3585511), np.int64(-3883017), np.int64(-3456497), np.int64(-2992052), np.int64(-3909098), np.int64(-4128253), np.int64(-3148934), np.int64(-2965546), np.int64(-3860062), np.int64(-3550044), np.int64(-3792706), np.int64(-3126595), np.int64(-3701520), np.int64(-3294334), np.int64(-2803178), np.int64(-2848943), np.int64(-3792959), np.int64(-3229066), np.int64(-3744145), np.int64(-3166337), np.int64(-3453532), np.int64(-3207361), np.int64(-3331526), np.int64(-3358252), np.int64(-3804267), np.int64(-3311862), np.int64(-3923512), np.int64(-3223814), np.int64(-3512557), np.int64(-3841892), np.int64(-3278146), np.int64(-3544570), np.int64(-3821844), np.int64(-3550021), np.int64(-3706294), np.int64(-3504212), np.int64(-3631320), np.int64(-3064567), np.int64(-3398589), np.int64(-3006019), np.int64(-3535556), np.int64(-3396912), np.int64(-3625830), np.int64(-3496345), np.int64(-3298181), np.int64(-3542652), np.int64(-3421629), np.int64(-3354705), np.int64(-3552112), np.int64(-4077136), np.int64(-3492065), np.int64(-3275746), np.int64(-3361305), np.int64(-3597471), np.int64(-3499356), np.int64(-4115022), np.int64(-3703079), np.int64(-4341172), np.int64(-4012915), np.int64(-3689093), np.int64(-3675383), np.int64(-3503180), np.int64(-3744876), np.int64(-3612376), np.int64(-3514407), np.int64(-3303683), np.int64(-3591959), np.int64(-3749642), np.int64(-3054549), np.int64(-3612592), np.int64(-3091870), np.int64(-3824765), np.int64(-4079180), np.int64(-3196863), np.int64(-3821783), np.int64(-3490900), np.int64(-3869311), np.int64(-4376405), np.int64(-3993272), np.int64(-3626286), np.int64(-3380418), np.int64(-3330387), np.int64(-3800640), np.int64(-3353663), np.int64(-3442596), np.int64(-3297719)]"
Difícil,96236,-2774981,2871217,True,9.43015170097351,0.4269380569458008,"[np.int64(-3379575), np.int64(-3575521), np.int64(-3563210), np.int64(-4180151), np.int64(-4053328), np.int64(-3609108), np.int64(-3197415), np.int64(-3565109), np.int64(-3823621), np.int64(-3228823), np.int64(-3248227), np.int64(-3692434), np.int64(-2882208), np.int64(-3620046), np.int64(-3462049), np.int64(-3700680), np.int64(-3479122), np.int64(-3842743), np.int64(-3671995), np.int64(-4008486), np.int64(-3743861), np.int64(-3561198), np.int64(-3099149), np.int64(-3676423), np.int64(-3566557), np.int64(-3632923), np.int64(-3400960), np.int64(-3410669), np.int64(-3171074), np.int64(-3449478), np.int64(-3757316), np.int64(-3148008), np.int64(-3672559), np.int64(-3608051), np.int64(-3477438), np.int64(-3051981), np.int64(-3849267), np.int64(-3444319), np.int64(-3621173), np.int64(-3187641), np.int64(-3398194), np.int64(-3524862), np.int64(-3834808), np.int64(-3350688), np.int64(-3725779), np.int64(-3203614), np.int64(-3794842), np.int64(-3137617), np.int64(-3572050), np.int64(-3962680), np.int64(-3110178), np.int64(-3421917), np.int64(-3297126), np.int64(-4246745), np.int64(-4107755), np.int64(-2774981), np.int64(-3192961), np.int64(-3529557), np.int64(-3515215), np.int64(-3226243), np.int64(-3350760), np.int64(-3021296), np.int64(-3680973), np.int64(-3589460), np.int64(-3340429), np.int64(-3398253), np.int64(-3478747), np.int64(-3755978), np.int64(-3347220), np.int64(-3879986), np.int64(-3125959), np.int64(-3192139), np.int64(-3186655), np.int64(-3536701), np.int64(-3415785), np.int64(-3741886), np.int64(-3663458), np.int64(-3353251), np.int64(-3911888), np.int64(-4018380), np.int64(-3512807), np.int64(-3307099), np.int64(-3402449), np.int64(-3469887), np.int64(-3459393), np.int64(-3276615), np.int64(-3615400), np.int64(-3431610), np.int64(-3318388), np.int64(-3358860), np.int64(-3302130), np.int64(-3542996), np.int64(-3446381), np.int64(-3399225), np.int64(-3758772), np.int64(-4227706), np.int64(-3383361), np.int64(-3737166), np.int64(-3529502), np.int64(-3902108)]"
Difícil,94764,-2784960,2879724,False,9.318554162979126,0.42608070373535156,"[np.int64(-3744309), np.int64(-3638683), np.int64(-3594827), np.int64(-3782425), np.int64(-3389648), np.int64(-3424079), np.int64(-3854484), np.int64(-3667568), np.int64(-3551592), np.int64(-3577053), np.int64(-4142857), np.int64(-3157536), np.int64(-3760416), np.int64(-3827974), np.int64(-3064166), np.int64(-4158190), np.int64(-3800049), np.int64(-3404657), np.int64(-2811644), np.int64(-3289877), np.int64(-3593209), np.int64(-3501743), np.int64(-3311083), np.int64(-3467802), np.int64(-2784960), np.int64(-3596754), np.int64(-3469577), np.int64(-3827861), np.int64(-3147423), np.int64(-3296114), np.int64(-3096406), np.int64(-3301292), np.int64(-3424176), np.int64(-3341618), np.int64(-3311494), np.int64(-3448047), np.int64(-3911798), np.int64(-3725693), np.int64(-3272711), np.int64(-3424239), np.int64(-3469798), np.int64(-3719182), np.int64(-3673329), np.int64(-3341663), np.int64(-3816306), np.int64(-3601660), np.int64(-3608440), np.int64(-3614285), np.int64(-3547487), np.int64(-3766921), np.int64(-3979874), np.int64(-3381230), np.int64(-3441120), np.int64(-3357422), np.int64(-3999154), np.int64(-3522203), np.int64(-3582296), np.int64(-3463822), np.int64(-3352651), np.int64(-3541948), np.int64(-3429869), np.int64(-3288408), np.int64(-3534099), np.int64(-3483175), np.int64(-3595943), np.int64(-3415543), np.int64(-4014244), np.int64(-3683125), np.int64(-3931516), np.int64(-2953980), np.int64(-3652167), np.int64(-3511250), np.int64(-3436014), np.int64(-3929038), np.int64(-3985872), np.int64(-3623373), np.int64(-4212464), np.int64(-3514820), np.int64(-3475967), np.int64(-3456623), np.int64(-3849327), np.int64(-3405498), np.int64(-3717784), np.int64(-3723195), np.int64(-3549555), np.int64(-3995761), np.int64(-3430510), np.int64(-4048166), np.int64(-3577429), np.int64(-2922650), np.int64(-3983476), np.int64(-3644325), np.int64(-3434429), np.int64(-3922686), np.int64(-2865898), np.int64(-3295366), np.int64(-4149117), np.int64(-3232542), np.int64(-3158365), np.int64(-3666477)]"
Difícil,97309,-2646529,2743838,False,9.271560192108154,0.4260139465332031,"[np.int64(-3715260), np.int64(-2646529), np.int64(-4009584), np.int64(-3984380), np.int64(-3641327), np.int64(-3490161), np.int64(-3225613), np.int64(-4004221), np.int64(-3936672), np.int64(-3602911), np.int64(-3852877), np.int64(-3714153), np.int64(-3648467), np.int64(-3312743), np.int64(-3813595), np.int64(-3372693), np.int64(-3127829), np.int64(-4088626), np.int64(-3308091), np.int64(-2751488), np.int64(-3409334), np.int64(-3300223), np.int64(-3939497), np.int64(-3833640), np.int64(-3081982), np.int64(-3379235), np.int64(-3901043), np.int64(-3403373), np.int64(-3334920), np.int64(-3279204), np.int64(-3624689), np.int64(-3600179), np.int64(-3477398), np.int64(-3658662), np.int64(-3571298), np.int64(-3186348), np.int64(-3715348), np.int64(-3657889), np.int64(-4036633), np.int64(-3561496), np.int64(-3272029), np.int64(-3327541), np.int64(-3378436), np.int64(-3180925), np.int64(-3370071), np.int64(-3524251), np.int64(-3752711), np.int64(-3942545), np.int64(-3947928), np.int64(-3721103), np.int64(-3525159), np.int64(-3487225), np.int64(-4274251), np.int64(-3874353), np.int64(-2868840), np.int64(-3979545), np.int64(-3665956), np.int64(-3369294), np.int64(-3794900), np.int64(-3401094), np.int64(-3970207), np.int64(-3707325), np.int64(-3926364), np.int64(-3334341), np.int64(-3130783), np.int64(-3343301), np.int64(-3686817), np.int64(-3136358), np.int64(-2864565), np.int64(-3368618), np.int64(-3671827), np.int64(-3712249), np.int64(-3306352), np.int64(-3546236), np.int64(-3535808), np.int64(-3846382), np.int64(-3232613), np.int64(-3680856), np.int64(-3682571), np.int64(-3600227), np.int64(-3350291), np.int64(-3392441), np.int64(-3909088), np.int64(-3012296), np.int64(-3336825), np.int64(-3314950), np.int64(-3195743), np.int64(-4099979), np.int64(-3107223), np.int64(-3419347), np.int64(-3194570), np.int64(-3029270), np.int64(-3615275), np.int64(-3690029), np.int64(-3524782), np.int64(-3124953), np.int64(-3881028), np.int64(-3381667), np.int64(-3152951), np.int64(-3796512)]"
Difícil,95758,-2549282,2645040,False,9.320336103439331,0.4262886047363281,"[np.int64(-2549282), np.int64(-3514149), np.int64(-3176806), np.int64(-3759774), np.int64(-3322439), np.int64(-3660088), np.int64(-3767108), np.int64(-3564159), np.int64(-3689696), np.int64(-3988006), np.int64(-3381323), np.int64(-3655617), np.int64(-3438628), np.int64(-3669590), np.int64(-3328680), np.int64(-3542701), np.int64(-3557356), np.int64(-3595259), np.int64(-3427389), np.int64(-3737104), np.int64(-3995535), np.int64(-3946495), np.int64(-3625171), np.int64(-4224134), np.int64(-3799590), np.int64(-3130720), np.int64(-3286777), np.int64(-3848688), np.int64(-3439384), np.int64(-3718455), np.int64(-3482690), np.int64(-3587970), np.int64(-3278720), np.int64(-4067320), np.int64(-3350371), np.int64(-3249656), np.int64(-3929419), np.int64(-3661600), np.int64(-3276602), np.int64(-3403103), np.int64(-3866632), np.int64(-3389608), np.int64(-3239407), np.int64(-3576500), np.int64(-2800995), np.int64(-4199669), np.int64(-3895330), np.int64(-3447599), np.int64(-3465186), np.int64(-3581889), np.int64(-3686053), np.int64(-3828883), np.int64(-3630981), np.int64(-3764636), np.int64(-4231161), np.int64(-3076018), np.int64(-3824416), np.int64(-3994405), np.int64(-3668859), np.int64(-3913466), np.int64(-3617012), np.int64(-3588507), np.int64(-3611553), np.int64(-3611670), np.int64(-3881169), np.int64(-3905328), np.int64(-3159532), np.int64(-3405392), np.int64(-3228536), np.int64(-3152417), np.int64(-3475750), np.int64(-3067472), np.int64(-3362340), np.int64(-3284117), np.int64(-3211951), np.int64(-3320028), np.int64(-2959968), np.int64(-3038205), np.int64(-3281417), np.int64(-3596232), np.int64(-3487736), np.int64(-3634648), np.int64(-3566938), np.int64(-3447920), np.int64(-3886733), np.int64(-2971912), np.int64(-3240248), np.int64(-3927565), np.int64(-3752726), np.int64(-3562053), np.int64(-3406660), np.int64(-3343447), np.int64(-4111890), np.int64(-3267038), np.int64(-3030439), np.int64(-3610625), np.int64(-3469693), np.int64(-3503572), np.int64(-3900772), np.int64(-3527044)]"
Difícil,99214,-2655486,2754700,True,9.413695335388184,0.4265632629394531,"[np.int64(-3361026), np.int64(-3640780), np.int64(-3707022), np.int64(-4115771), np.int64(-3355808), np.int64(-3793070), np.int64(-4199554), np.int64(-3495834), np.int64(-4027167), np.int64(-3380602), np.int64(-3706333), np.int64(-3684027), np.int64(-4005703), np.int64(-3771757), np.int64(-3445146), np.int64(-4000432), np.int64(-3428910), np.int64(-3913568), np.int64(-3537730), np.int64(-3726619), np.int64(-3369000), np.int64(-3188345), np.int64(-3936424), np.int64(-3531602), np.int64(-3305391), np.int64(-2972159), np.int64(-3090529), np.int64(-3281973), np.int64(-3749195), np.int64(-3601281), np.int64(-3340839), np.int64(-3778533), np.int64(-4314301), np.int64(-3959402), np.int64(-3728966), np.int64(-3801748), np.int64(-3855329), np.int64(-3429209), np.int64(-3870798), np.int64(-3882930), np.int64(-3604209), np.int64(-3945922), np.int64(-3501935), np.int64(-3734112), np.int64(-3913335), np.int64(-3603176), np.int64(-4067774), np.int64(-3473102), np.int64(-4058666), np.int64(-3890362), np.int64(-3613015), np.int64(-3576422), np.int64(-3474341), np.int64(-3825154), np.int64(-3022085), np.int64(-3453988), np.int64(-3140483), np.int64(-3574235), np.int64(-3102693), np.int64(-3179874), np.int64(-4293584), np.int64(-3490776), np.int64(-3933248), np.int64(-3545816), np.int64(-3979371), np.int64(-2655486), np.int64(-3520720), np.int64(-3558137), np.int64(-3671480), np.int64(-3469387), np.int64(-4280371), np.int64(-3613145), np.int64(-3582744), np.int64(-3273431), np.int64(-3501425), np.int64(-3204279), np.int64(-3880216), np.int64(-3156122), np.int64(-2979024), np.int64(-2932056), np.int64(-3113580), np.int64(-3514417), np.int64(-3662497), np.int64(-3834406), np.int64(-3742021), np.int64(-3415756), np.int64(-2951107), np.int64(-3058353), np.int64(-3154106), np.int64(-3962498), np.int64(-3634820), np.int64(-4162795), np.int64(-4454208), np.int64(-3296288), np.int64(-3351115), np.int64(-3554155), np.int64(-3712258), np.int64(-3405687), np.int64(-3386245), np.int64(-4245796)]"
Difícil,95646,-2885351,2980997,False,9.510615348815918,0.42656612396240234,"[np.int64(-3868850), np.int64(-3516288), np.int64(-3898049), np.int64(-3994504), np.int64(-3959330), np.int64(-3330337), np.int64(-3725080), np.int64(-3709091), np.int64(-3343873), np.int64(-4025205), np.int64(-3486615), np.int64(-4058134), np.int64(-3667662), np.int64(-3672578), np.int64(-3143461), np.int64(-3396611), np.int64(-2885351), np.int64(-3632640), np.int64(-3175840), np.int64(-3152957), np.int64(-3171526), np.int64(-3275120), np.int64(-3217817), np.int64(-2953799), np.int64(-3452176), np.int64(-3943670), np.int64(-3613622), np.int64(-3688206), np.int64(-2975917), np.int64(-3214530), np.int64(-3396495), np.int64(-3380687), np.int64(-3008998), np.int64(-3381220), np.int64(-3640102), np.int64(-3007075), np.int64(-3758674), np.int64(-3326697), np.int64(-3700603), np.int64(-3803648), np.int64(-3956208), np.int64(-3925854), np.int64(-3830008), np.int64(-3400657), np.int64(-3964340), np.int64(-3553634), np.int64(-3260786), np.int64(-3190057), np.int64(-3937259), np.int64(-3352787), np.int64(-3449963), np.int64(-3464649), np.int64(-3856427), np.int64(-3731827), np.int64(-3253209), np.int64(-2976674), np.int64(-3312007), np.int64(-3443170), np.int64(-3594388), np.int64(-3344245), np.int64(-2946931), np.int64(-3410933), np.int64(-3615147), np.int64(-3780492), np.int64(-3360638), np.int64(-3376511), np.int64(-3639394), np.int64(-3601635), np.int64(-3155584), np.int64(-3538640), np.int64(-3096377), np.int64(-3706744), np.int64(-3759945), np.int64(-3159312), np.int64(-3145400), np.int64(-4003031), np.int64(-3301289), np.int64(-3767756), np.int64(-3461497), np.int64(-3366860), np.int64(-3624046), np.int64(-3434195), np.int64(-3469150), np.int64(-3774282), np.int64(-3826003), np.int64(-3243920), np.int64(-3522949), np.int64(-3783100), np.int64(-3546349), np.int64(-3625955), np.int64(-3641739), np.int64(-3638690), np.int64(-3284772), np.int64(-3502888), np.int64(-3361192), np.int64(-3915651), np.int64(-3648770), np.int64(-3119028), np.int64(-3722135), np.int64(-3643757)]"
